{
  "train_accuracy": 0.8423200859291085,
  "val_accuracy": 0.7310344827586207,
  "test_accuracy": 0.7134445534838076,
  "classes": [
    "negative",
    "neutral",
    "positive"
  ],
  "confusion_matrix": [
    [
      26,
      94,
      30
    ],
    [
      27,
      491,
      29
    ],
    [
      5,
      107,
      210
    ]
  ]
}